season,team_id,team,rows,original_query_capped,original_totals_mismatch,date_partitioned,ordered_by_total_poss,cap_boundary_mean_poss,ordered_by_seconds,team_games,SecondsPlayed_lineup,OffPoss_lineup,DefPoss_lineup,Points_lineup,OpponentPoints_lineup,SecondsPlayed_team,OffPoss_team,DefPoss_team,Points_team,OpponentPoints_team,SecondsPlayed_difference,OffPoss_difference,DefPoss_difference,Points_difference,OpponentPoints_difference
2022-23,1610612738,BOS,412,False,False,False,False,0.0,True,82,239760.0,8171.0,8161.0,9671.0,9136.0,239760.0,8171.0,8161.0,9671.0,9136.0,0.0,0.0,0.0,0.0,0.0
2022-23,1610612744,GSW,553,True,True,True,False,0.0,False,82,237960.0,8376.0,8370.0,9753.0,9605.0,237960.0,8376.0,8370.0,9753.0,9605.0,0.0,0.0,0.0,0.0,0.0
2022-23,1610612755,PHI,474,False,False,False,False,0.0,True,82,238560.0,7960.0,7957.0,9448.0,9094.0,238560.0,7960.0,7957.0,9448.0,9094.0,0.0,0.0,0.0,0.0,0.0
2022-23,1610612750,MIN,634,True,True,True,False,0.0,False,82,237960.0,8288.0,8293.0,9494.0,9497.0,237960.0,8288.0,8293.0,9494.0,9497.0,0.0,0.0,0.0,0.0,0.0
2022-23,1610612752,NYK,286,False,True,True,False,0.0,True,82,239460.0,8041.0,8038.0,9514.0,9274.0,239460.0,8041.0,8038.0,9514.0,9274.0,0.0,0.0,0.0,0.0,0.0
2022-23,1610612757,POR,502,True,True,True,False,0.0,False,82,236760.0,8070.0,8084.0,9299.0,9628.0,236760.0,8070.0,8084.0,9299.0,9628.0,0.0,0.0,0.0,0.0,0.0
2022-23,1610612740,NOP,536,True,True,True,False,0.0,False,82,238260.0,8141.0,8151.0,9378.0,9223.0,238260.0,8141.0,8151.0,9378.0,9223.0,0.0,0.0,0.0,0.0,0.0
2022-23,1610612758,SAC,416,False,True,True,False,0.0,True,82,237960.0,8263.0,8256.0,9898.0,9681.0,237960.0,8263.0,8256.0,9898.0,9681.0,0.0,0.0,0.0,0.0,0.0
2022-23,1610612760,OKC,804,True,True,True,False,0.0,False,82,238260.0,8353.0,8334.0,9633.0,9544.0,238260.0,8353.0,8334.0,9633.0,9544.0,0.0,0.0,0.0,0.0,0.0
2022-23,1610612737,ATL,385,False,False,False,False,0.0,True,82,238260.0,8310.0,8311.0,9711.0,9687.0,238260.0,8310.0,8311.0,9711.0,9687.0,0.0,0.0,0.0,0.0,0.0
2022-23,1610612743,DEN,466,False,True,True,False,0.0,True,82,237060.0,8045.0,8041.0,9495.0,9222.0,237060.0,8045.0,8041.0,9495.0,9222.0,0.0,0.0,0.0,0.0,0.0
2022-23,1610612747,LAL,654,True,True,True,False,0.0,False,82,238560.0,8351.0,8347.0,9608.0,9561.0,238560.0,8351.0,8347.0,9608.0,9561.0,0.0,0.0,0.0,0.0,0.0
2022-23,1610612748,MIA,471,False,True,True,False,0.0,True,82,237660.0,7894.0,7892.0,8977.0,9003.0,237660.0,7894.0,7892.0,8977.0,9003.0,0.0,0.0,0.0,0.0,0.0
2022-23,1610612754,IND,529,True,True,True,False,0.0,False,82,237060.0,8269.0,8280.0,9535.0,9796.0,237060.0,8269.0,8280.0,9535.0,9796.0,0.0,0.0,0.0,0.0,0.0
2022-23,1610612741,CHI,320,False,True,True,False,0.0,True,82,238860.0,8132.0,8147.0,9276.0,9170.0,238860.0,8132.0,8147.0,9276.0,9170.0,0.0,0.0,0.0,0.0,0.0
2022-23,1610612746,LAC,606,True,True,True,False,0.0,False,82,237960.0,8087.0,8079.0,9314.0,9273.0,237960.0,8087.0,8079.0,9314.0,9273.0,0.0,0.0,0.0,0.0,0.0
2022-23,1610612761,TOR,528,True,True,True,False,0.0,False,82,237660.0,7984.0,7972.0,9254.0,9133.0,237660.0,7984.0,7972.0,9254.0,9133.0,0.0,0.0,0.0,0.0,0.0
2022-23,1610612764,WAS,586,True,True,True,False,0.0,False,82,237060.0,8066.0,8075.0,9279.0,9378.0,237060.0,8066.0,8075.0,9279.0,9378.0,0.0,0.0,0.0,0.0,0.0
2022-23,1610612765,DET,581,True,True,True,False,0.0,False,82,237660.0,8137.0,8151.0,9045.0,9719.0,237660.0,8137.0,8151.0,9045.0,9719.0,0.0,0.0,0.0,0.0,0.0
2022-23,1610612766,CHA,505,True,True,True,False,0.0,False,82,237960.0,8296.0,8301.0,9098.0,9610.0,237960.0,8296.0,8301.0,9098.0,9610.0,0.0,0.0,0.0,0.0,0.0
2022-23,1610612742,DAL,649,True,True,True,False,0.0,False,82,239160.0,7978.0,7987.0,9366.0,9360.0,239160.0,7978.0,7987.0,9366.0,9360.0,0.0,0.0,0.0,0.0,0.0
2022-23,1610612751,BKN,718,True,True,True,False,0.0,False,82,236760.0,8029.0,8030.0,9295.0,9225.0,236760.0,8029.0,8030.0,9295.0,9225.0,0.0,0.0,0.0,0.0,0.0
2022-23,1610612756,PHX,679,True,True,True,False,0.0,False,82,237360.0,8070.0,8056.0,9319.0,9149.0,237360.0,8070.0,8056.0,9319.0,9149.0,0.0,0.0,0.0,0.0,0.0
2022-23,1610612759,SAS,985,True,True,True,False,0.0,False,82,238260.0,8359.0,8368.0,9269.0,10092.0,238260.0,8359.0,8368.0,9269.0,10092.0,0.0,0.0,0.0,0.0,0.0
2022-23,1610612762,UTA,582,True,True,True,False,0.0,False,82,237660.0,8258.0,8261.0,9600.0,9677.0,237660.0,8258.0,8261.0,9600.0,9677.0,0.0,0.0,0.0,0.0,0.0
2022-23,1610612745,HOU,486,False,True,True,False,0.0,True,82,237060.0,8137.0,8121.0,9081.0,9725.0,237060.0,8137.0,8121.0,9081.0,9725.0,0.0,0.0,0.0,0.0,0.0
2022-23,1610612753,ORL,605,True,True,True,False,0.0,False,82,237360.0,8119.0,8128.0,9136.0,9346.0,237360.0,8119.0,8128.0,9136.0,9346.0,0.0,0.0,0.0,0.0,0.0
2022-23,1610612739,CLE,459,False,True,True,False,0.0,True,82,238560.0,7891.0,7893.0,9205.0,8764.0,238560.0,7891.0,7893.0,9205.0,8764.0,0.0,0.0,0.0,0.0,0.0
2022-23,1610612749,MIL,827,True,True,True,False,0.0,False,82,237960.0,8282.0,8276.0,9589.0,9291.0,237960.0,8282.0,8276.0,9589.0,9291.0,0.0,0.0,0.0,0.0,0.0
2022-23,1610612763,MEM,514,True,True,True,False,0.0,False,82,237360.0,8271.0,8268.0,9587.0,9264.0,237360.0,8271.0,8268.0,9587.0,9264.0,0.0,0.0,0.0,0.0,0.0
