threshold,fit_column,weighted,skill_controls,term,coefficient,se,ci_low,ci_high,p_value,rows,cores,lineups,clubs,within_r2,within_rmse,df_residual,condition_number
25,none,True,True,fifth_quality,2.4639933072818025,1.5817324625875808,-0.7760387654919789,5.704025380055584,0.13051741381167084,2558,978,787,29,0.006454668111539608,14.73250311558519,1574,4.865394286378011
25,none,True,True,fifth_spacing,-0.4335518705819686,0.8834995492547906,-2.243318657048362,1.3762149158844246,0.6274476902593878,2558,978,787,29,0.006454668111539608,14.73250311558519,1574,4.865394286378011
25,none,True,True,fifth_playmaking,0.26315345207972024,1.6263983303339147,-3.068372503180133,3.594679407339574,0.8726242148397334,2558,978,787,29,0.006454668111539608,14.73250311558519,1574,4.865394286378011
25,none,True,True,fifth_creation,-2.569391869391852,1.1610278751828447,-4.947649660739749,-0.19113407804395388,0.03521732997941369,2558,978,787,29,0.006454668111539608,14.73250311558519,1574,4.865394286378011
25,none,True,True,fifth_rebounding,-0.7041420813671007,1.6946698882761038,-4.175515983497222,2.767231820763021,0.6809400767527435,2558,978,787,29,0.006454668111539608,14.73250311558519,1574,4.865394286378011
25,none,True,True,fifth_interior,0.3913607369799239,1.2690611516546904,-2.208193189444443,2.9909146634042907,0.7600713054762142,2558,978,787,29,0.006454668111539608,14.73250311558519,1574,4.865394286378011
25,complementarity,True,True,fifth_quality,2.5697347806086426,1.6396833247812976,-0.7890042521559404,5.928473813373225,0.1282978997588211,2558,978,787,29,0.007410084090532121,14.7254178553888,1573,15.431898088179045
25,complementarity,True,True,fifth_spacing,-0.20039028296121505,0.9420783983038685,-2.130150402177885,1.729369836255455,0.833093555475188,2558,978,787,29,0.007410084090532121,14.7254178553888,1573,15.431898088179045
25,complementarity,True,True,fifth_playmaking,0.3904103274046716,1.6518877353469632,-2.993328307124022,3.7741489619333652,0.8148877654416735,2558,978,787,29,0.007410084090532121,14.7254178553888,1573,15.431898088179045
25,complementarity,True,True,fifth_creation,-2.604924892040275,1.162982722060215,-4.987187005692894,-0.2226627783876558,0.033220604146241506,2558,978,787,29,0.007410084090532121,14.7254178553888,1573,15.431898088179045
25,complementarity,True,True,fifth_rebounding,-0.403986760397325,1.654377490810029,-3.792825427797886,2.9848519070032364,0.8088621704652791,2558,978,787,29,0.007410084090532121,14.7254178553888,1573,15.431898088179045
25,complementarity,True,True,fifth_interior,0.6682456936957819,1.2730832505948353,-1.9395471289225847,3.2760385163141486,0.6037820780743898,2558,978,787,29,0.007410084090532121,14.7254178553888,1573,15.431898088179045
25,complementarity,True,True,complementarity,-6.318804832516952,7.973610698664269,-22.65200593355582,10.014396268521914,0.43475313303656016,2558,978,787,29,0.007410084090532121,14.7254178553888,1573,15.431898088179045
25,complementarity_all,True,True,fifth_quality,2.516883969049875,1.5996036209720665,-0.759755512190841,5.793523450290591,0.1268494303218756,2558,978,787,29,0.008051934555642903,14.720656047627452,1573,62.29013395159402
25,complementarity_all,True,True,fifth_spacing,-0.1217460920605442,0.9263747497060385,-2.0193387453371763,1.775846561216088,0.8963812050756413,2558,978,787,29,0.008051934555642903,14.720656047627452,1573,62.29013395159402
25,complementarity_all,True,True,fifth_playmaking,0.491326472796075,1.6183639348118748,-2.8237417692964244,3.8063947148885746,0.7636813319693915,2558,978,787,29,0.008051934555642903,14.720656047627452,1573,62.29013395159402
25,complementarity_all,True,True,fifth_creation,-2.498037011479409,1.1192333222761832,-4.790682542165163,-0.20539148079365566,0.033801084201234254,2558,978,787,29,0.008051934555642903,14.720656047627452,1573,62.29013395159402
25,complementarity_all,True,True,fifth_rebounding,-0.24584057415757704,1.7018406201275613,-3.731903054624123,3.2402219063089692,0.8861753950471851,2558,978,787,29,0.008051934555642903,14.720656047627452,1573,62.29013395159402
25,complementarity_all,True,True,fifth_interior,0.8269663104852647,1.2540293169670693,-1.7417962984106938,3.3957289193812232,0.5149962230822546,2558,978,787,29,0.008051934555642903,14.720656047627452,1573,62.29013395159402
25,complementarity_all,True,True,complementarity_all,-33.08023010360921,30.462784233830742,-95.4804148871557,29.319954679937283,0.2867741318056458,2558,978,787,29,0.008051934555642903,14.720656047627452,1573,62.29013395159402
25,complementarity_uncapped,True,True,fifth_quality,2.52159983535749,1.5970272016660916,-0.7497620901766076,5.792961760891588,0.1255835018192372,2558,978,787,29,0.007476125870311545,14.724927970812967,1573,5.094223371370809
25,complementarity_uncapped,True,True,fifth_spacing,-0.19822568684384434,0.9649621346380939,-2.174861014998501,1.7784096413108124,0.838727616649607,2558,978,787,29,0.007476125870311545,14.724927970812967,1573,5.094223371370809
25,complementarity_uncapped,True,True,fifth_playmaking,0.3432076886554008,1.637875515791355,-3.011828215263182,3.6982435925739834,0.8355404360265738,2558,978,787,29,0.007476125870311545,14.724927970812967,1573,5.094223371370809
25,complementarity_uncapped,True,True,fifth_creation,-2.5151539265290035,1.1367226155647205,-4.8436246504919485,-0.18668320256605853,0.03524755413262307,2558,978,787,29,0.007476125870311545,14.724927970812967,1573,5.094223371370809
25,complementarity_uncapped,True,True,fifth_rebounding,-0.39888962742138123,1.7010685864581259,-3.883370668605749,3.085591413762987,0.816308127308156,2558,978,787,29,0.007476125870311545,14.724927970812967,1573,5.094223371370809
25,complementarity_uncapped,True,True,fifth_interior,0.6697755570579165,1.2600956765988953,-1.9114134262325726,3.2509645403484058,0.5992452306276581,2558,978,787,29,0.007476125870311545,14.724927970812967,1573,5.094223371370809
25,complementarity_uncapped,True,True,complementarity_uncapped,-1.9585762911282125,2.2725625780140923,-6.613709706108894,2.6965571238524686,0.39609890486631044,2558,978,787,29,0.007476125870311545,14.724927970812967,1573,5.094223371370809
50,none,True,True,fifth_quality,1.614446589602632,1.980279000722676,-2.4820726359953604,5.710965815200625,0.4232846434032208,1018,430,358,24,0.008776152822722483,10.513006600448804,582,4.783828348795602
50,none,True,True,fifth_spacing,-0.2685471318701597,1.4590508679935763,-3.28682381393359,2.749729550193271,0.8555826073921461,1018,430,358,24,0.008776152822722483,10.513006600448804,582,4.783828348795602
50,none,True,True,fifth_playmaking,-0.1872744371533416,1.5797592266444442,-3.455255383981082,3.080706509674399,0.9066641786635795,1018,430,358,24,0.008776152822722483,10.513006600448804,582,4.783828348795602
50,none,True,True,fifth_creation,-1.4480376380006696,1.488435149928361,-4.527100338515191,1.6310250625138518,0.34074454566043205,1018,430,358,24,0.008776152822722483,10.513006600448804,582,4.783828348795602
50,none,True,True,fifth_rebounding,-0.030079838045725768,1.7707346311518666,-3.6931235088106016,3.63296383271915,0.9865933222344934,1018,430,358,24,0.008776152822722483,10.513006600448804,582,4.783828348795602
50,none,True,True,fifth_interior,0.5036460254871679,1.941798491482746,-3.513270201818843,4.520562252793178,0.7976565225096393,1018,430,358,24,0.008776152822722483,10.513006600448804,582,4.783828348795602
50,complementarity,True,True,fifth_quality,1.5658836169203108,2.063039523313163,-2.7018387935767496,5.833606027417371,0.4555508534740843,1018,430,358,24,0.008948473442978888,10.512092736963028,581,16.089546764118722
50,complementarity,True,True,fifth_spacing,-0.35313329919791536,1.3953522843320363,-3.2396394213969866,2.5333728230011556,0.8024560681097646,1018,430,358,24,0.008948473442978888,10.512092736963028,581,16.089546764118722
50,complementarity,True,True,fifth_playmaking,-0.21901028730233849,1.5743664238740114,-3.4758353716375336,3.037814797032857,0.8905740401415126,1018,430,358,24,0.008948473442978888,10.512092736963028,581,16.089546764118722
50,complementarity,True,True,fifth_creation,-1.4309376395683553,1.496775841204939,-4.527254374568326,1.6653790954316152,0.34900688831766513,1018,430,358,24,0.008948473442978888,10.512092736963028,581,16.089546764118722
50,complementarity,True,True,fifth_rebounding,-0.13665895680843868,1.6892828998924783,-3.6312068838217737,3.357888970204896,0.9362232126255621,1018,430,358,24,0.008948473442978888,10.512092736963028,581,16.089546764118722
50,complementarity,True,True,fifth_interior,0.4247779406035007,1.9146594209947831,-3.535996841997887,4.3855527232048885,0.8263843422074107,1018,430,358,24,0.008948473442978888,10.512092736963028,581,16.089546764118722
50,complementarity,True,True,complementarity,2.078277789246626,10.611199071384723,-19.87265992544492,24.029215503938175,0.846442179985482,1018,430,358,24,0.008948473442978888,10.512092736963028,581,16.089546764118722
50,complementarity_all,True,True,fifth_quality,1.6341410008462438,1.96643802824988,-2.433745991710299,5.702027993402786,0.4145087742699464,1018,430,358,24,0.009004920985949183,10.51179336289409,581,67.66813818325643
50,complementarity_all,True,True,fifth_spacing,-0.16609739177639388,1.5035841705110846,-3.2764982290097615,2.944303445456974,0.912996794089539,1018,430,358,24,0.009004920985949183,10.51179336289409,581,67.66813818325643
50,complementarity_all,True,True,fifth_playmaking,-0.1348792663707243,1.5720026952160284,-3.3868146054286177,3.117056072687169,0.932367231185792,1018,430,358,24,0.009004920985949183,10.51179336289409,581,67.66813818325643
50,complementarity_all,True,True,fifth_creation,-1.4302230863655283,1.5005471868861213,-4.534341444310398,1.6738952715793411,0.35043240124574565,1018,430,358,24,0.009004920985949183,10.51179336289409,581,67.66813818325643
50,complementarity_all,True,True,fifth_rebounding,0.1209734702921805,1.8250449711052419,-3.6544196985416906,3.8963666391260516,0.9477235862704417,1018,430,358,24,0.009004920985949183,10.51179336289409,581,67.66813818325643
50,complementarity_all,True,True,fifth_interior,0.6291802880239707,2.030614577507435,-3.571466011564646,4.829826587612588,0.7594670954076203,1018,430,358,24,0.009004920985949183,10.51179336289409,581,67.66813818325643
50,complementarity_all,True,True,complementarity_all,-10.103939416179811,40.60403309569981,-94.09978149330615,73.89190266094653,0.8056925605974056,1018,430,358,24,0.009004920985949183,10.51179336289409,581,67.66813818325643
50,complementarity_uncapped,True,True,fifth_quality,1.545055170993034,2.019678070651435,-2.632967240456517,5.723077582442585,0.4520497876907721,1018,430,358,24,0.00969023397404789,10.508158070174446,581,5.212104175166601
50,complementarity_uncapped,True,True,fifth_spacing,-0.45014510296309285,1.4777372174515473,-3.5070774440437047,2.6067872381175192,0.7633965071840363,1018,430,358,24,0.00969023397404789,10.508158070174446,581,5.212104175166601
50,complementarity_uncapped,True,True,fifth_playmaking,-0.2149823584006117,1.5883319019004334,-3.500697235138305,3.0707325183370813,0.893511939699624,1018,430,358,24,0.00969023397404789,10.508158070174446,581,5.212104175166601
50,complementarity_uncapped,True,True,fifth_creation,-1.4842460159514603,1.526703792108413,-4.64247343435215,1.6739814024492294,0.34107018403319306,1018,430,358,24,0.00969023397404789,10.508158070174446,581,5.212104175166601
50,complementarity_uncapped,True,True,fifth_rebounding,-0.2620971183791342,1.7058867591317501,-3.7909927451701155,3.266798508411847,0.8792315431358647,1018,430,358,24,0.00969023397404789,10.508158070174446,581,5.212104175166601
50,complementarity_uncapped,True,True,fifth_interior,0.3246218177870976,1.965303551512209,-3.7409183308322187,4.3901619664064135,0.8702483269619066,1018,430,358,24,0.00969023397404789,10.508158070174446,581,5.212104175166601
50,complementarity_uncapped,True,True,complementarity_uncapped,1.466620657287385,2.9161026837802635,-4.565797352278069,7.499038666852839,0.6197896732111958,1018,430,358,24,0.00969023397404789,10.508158070174446,581,5.212104175166601
100,none,True,True,fifth_quality,-0.39875360390233794,3.2682119689654274,-7.19537246206755,6.397865254262874,0.9040513577169246,320,143,142,22,0.0331946421941679,8.691086437073903,171,5.0631812347354455
100,none,True,True,fifth_spacing,-1.2061373008485514,2.0710898405103655,-5.513204406848749,3.1009298051516465,0.5665194053058862,320,143,142,22,0.0331946421941679,8.691086437073903,171,5.0631812347354455
100,none,True,True,fifth_playmaking,-0.7185351332337436,1.7809059929340636,-4.422131892297918,2.98506162583043,0.6906840883344679,320,143,142,22,0.0331946421941679,8.691086437073903,171,5.0631812347354455
100,none,True,True,fifth_creation,-0.21917181100382568,2.49922098600055,-5.416586374524532,4.97824275251688,0.9309491418502658,320,143,142,22,0.0331946421941679,8.691086437073903,171,5.0631812347354455
100,none,True,True,fifth_rebounding,0.7740937648878141,2.52500786000812,-4.476947538831283,6.025135068606911,0.7621890653517226,320,143,142,22,0.0331946421941679,8.691086437073903,171,5.0631812347354455
100,none,True,True,fifth_interior,1.069961670369543,2.5759990771091266,-4.2871216743923215,6.427045015131408,0.6820931552584681,320,143,142,22,0.0331946421941679,8.691086437073903,171,5.0631812347354455
100,complementarity,True,True,fifth_quality,-0.25027260174804866,3.4177879370065845,-7.357951713890196,6.857406510394099,0.9423188896602885,320,143,142,22,0.035335700315842766,8.681457593624733,170,17.241106936386306
100,complementarity,True,True,fifth_spacing,-1.0171435210985638,2.093386195426387,-5.370578435469081,3.3362913932719542,0.6320805013718873,320,143,142,22,0.035335700315842766,8.681457593624733,170,17.241106936386306
100,complementarity,True,True,fifth_playmaking,-0.5470814468983431,1.7548780258863994,-4.196550085340078,3.102387191543392,0.7583053053131267,320,143,142,22,0.035335700315842766,8.681457593624733,170,17.241106936386306
100,complementarity,True,True,fifth_creation,-0.27685547066350547,2.569896952588969,-5.621248752790999,5.067537811463987,0.9152323704540758,320,143,142,22,0.035335700315842766,8.681457593624733,170,17.241106936386306
100,complementarity,True,True,fifth_rebounding,1.109135284436879,2.679465531838741,-4.463118332045582,6.681388900919339,0.6831159352479098,320,143,142,22,0.035335700315842766,8.681457593624733,170,17.241106936386306
100,complementarity,True,True,fifth_interior,1.3598098920724904,2.3806170151182333,-3.590954211561671,6.310573995706651,0.573926546311046,320,143,142,22,0.035335700315842766,8.681457593624733,170,17.241106936386306
100,complementarity,True,True,complementarity,-6.762008691645336,13.291019954379694,-34.4021977993252,20.878180416034525,0.6162205536790881,320,143,142,22,0.035335700315842766,8.681457593624733,170,17.241106936386306
100,complementarity_all,True,True,fifth_quality,-0.11622724508695378,3.3166374935217338,-7.01355249455766,6.781098004383753,0.9723758666097266,320,143,142,22,0.043486771104819244,8.644702169363727,170,72.5569615757143
100,complementarity_all,True,True,fifth_spacing,-0.7834158144908417,2.0721220838567347,-5.092629588045277,3.5257979590635937,0.7091701819879719,320,143,142,22,0.043486771104819244,8.644702169363727,170,72.5569615757143
100,complementarity_all,True,True,fifth_playmaking,-0.3173076625506729,1.752214248185647,-3.9612366720066468,3.3266213469053008,0.8580336759789365,320,143,142,22,0.043486771104819244,8.644702169363727,170,72.5569615757143
100,complementarity_all,True,True,fifth_creation,-0.3215193249524484,2.494826900273975,-5.509795886961249,4.866757237056352,0.8986833454380246,320,143,142,22,0.043486771104819244,8.644702169363727,170,72.5569615757143
100,complementarity_all,True,True,fifth_rebounding,1.5051840137632446,2.6345616419917905,-3.9736868517113715,6.984054879237861,0.573845520222953,320,143,142,22,0.043486771104819244,8.644702169363727,170,72.5569615757143
100,complementarity_all,True,True,fifth_interior,1.8387630833006927,2.4393849219668833,-3.2342155730415882,6.911741739642974,0.4593493813951981,320,143,142,22,0.043486771104819244,8.644702169363727,170,72.5569615757143
100,complementarity_all,True,True,complementarity_all,-62.60111366759727,51.60628755322337,-169.9222637382783,44.720036403083775,0.23857916262704856,320,143,142,22,0.043486771104819244,8.644702169363727,170,72.5569615757143
100,complementarity_uncapped,True,True,fifth_quality,-0.28719377362080456,3.386340722214851,-7.329474822503938,6.75508727526233,0.9332162007470071,320,143,142,22,0.035661406503954884,8.679991880019934,170,5.708024288409224
100,complementarity_uncapped,True,True,fifth_spacing,-1.0454325277741945,2.0789109246943713,-5.3687644687242315,3.277899413175842,0.6202853989397166,320,143,142,22,0.035661406503954884,8.679991880019934,170,5.708024288409224
100,complementarity_uncapped,True,True,fifth_playmaking,-0.6096524688762148,1.7077442153442302,-4.161100982359684,2.941796044607254,0.7246594745595921,320,143,142,22,0.035661406503954884,8.679991880019934,170,5.708024288409224
100,complementarity_uncapped,True,True,fifth_creation,-0.1838951359802358,2.4784048214750856,-5.338020115559656,4.970229843599185,0.9415543017941892,320,143,142,22,0.035661406503954884,8.679991880019934,170,5.708024288409224
100,complementarity_uncapped,True,True,fifth_rebounding,1.089621882140904,2.7036377457199787,-4.532900604986697,6.712144369268506,0.6910066954549591,320,143,142,22,0.035661406503954884,8.679991880019934,170,5.708024288409224
100,complementarity_uncapped,True,True,fifth_interior,1.398894817863869,2.28752386409214,-3.358271480047104,6.1560611157748415,0.5474110502459536,320,143,142,22,0.035661406503954884,8.679991880019934,170,5.708024288409224
100,complementarity_uncapped,True,True,complementarity_uncapped,-2.3182988435786434,4.862106229198511,-12.42960227235656,7.793004585199272,0.6384219067982966,320,143,142,22,0.035661406503954884,8.679991880019934,170,5.708024288409224
50,complementarity,False,True,fifth_quality,2.0598284640555065,2.0994772915430167,-2.283271212996927,6.40292814110794,0.3367444546955412,1018,430,358,24,0.006362010562543263,12.784391720651328,581,15.872536360107523
50,complementarity,False,True,fifth_spacing,-0.5003849479615536,1.5583969622551024,-3.724174683984498,2.7234047880613907,0.7510420398333436,1018,430,358,24,0.006362010562543263,12.784391720651328,581,15.872536360107523
50,complementarity,False,True,fifth_playmaking,-0.166941253047643,1.9025209872453983,-4.102605772294798,3.7687232661995123,0.9308369736259251,1018,430,358,24,0.006362010562543263,12.784391720651328,581,15.872536360107523
50,complementarity,False,True,fifth_creation,-1.8794869535936363,1.999235617979201,-6.01522092974714,2.256247022559868,0.35693415900279796,1018,430,358,24,0.006362010562543263,12.784391720651328,581,15.872536360107523
50,complementarity,False,True,fifth_rebounding,-0.9782470190481781,1.800854425487039,-4.7035982315887646,2.747104193492408,0.5922096177084191,1018,430,358,24,0.006362010562543263,12.784391720651328,581,15.872536360107523
50,complementarity,False,True,fifth_interior,-0.272274714379963,2.2584400790976433,-4.944213971680701,4.3996645429207755,0.9050875394626181,1018,430,358,24,0.006362010562543263,12.784391720651328,581,15.872536360107523
50,complementarity,False,True,complementarity,5.789164229283702,10.775774800994588,-16.502224320955563,28.080552779522968,0.5962625342099764,1018,430,358,24,0.006362010562543263,12.784391720651328,581,15.872536360107523
50,complementarity,True,False,fifth_quality,0.15941905743232568,1.067488045916115,-2.0488482127834042,2.3676863276480558,0.8825868419190916,1018,430,358,24,0.002054860520050439,10.548589688167574,586,9.324306165027952
50,complementarity,True,False,complementarity,5.164069068832832,10.907357132755019,-17.39951827339933,27.72765641106499,0.6403563333403199,1018,430,358,24,0.002054860520050439,10.548589688167574,586,9.324306165027952
50,complementarity_no_interior,True,True,fifth_quality,1.535528894618375,2.0150498398005423,-2.632919291858701,5.703977081095451,0.4537860027215754,1018,430,358,24,0.009063558082790468,10.5114823673218,581,17.31300944440762
50,complementarity_no_interior,True,True,fifth_spacing,-0.37683378744864543,1.5143126289184314,-3.509428131814435,2.7557605569171444,0.8056869861320416,1018,430,358,24,0.009063558082790468,10.5114823673218,581,17.31300944440762
50,complementarity_no_interior,True,True,fifth_playmaking,-0.22160354108608218,1.6042860968720987,-3.54032218467002,3.0971151024978556,0.8913381842311294,1018,430,358,24,0.009063558082790468,10.5114823673218,581,17.31300944440762
50,complementarity_no_interior,True,True,fifth_creation,-1.4230514605040867,1.502649819723448,-4.531519445869809,1.6854165248616353,0.3534689738338032,1018,430,358,24,0.009063558082790468,10.5114823673218,581,17.31300944440762
50,complementarity_no_interior,True,True,fifth_rebounding,-0.20180598619193335,1.7682167282852135,-3.859640978029411,3.4560290056455445,0.9101254465903971,1018,430,358,24,0.009063558082790468,10.5114823673218,581,17.31300944440762
50,complementarity_no_interior,True,True,fifth_interior,0.5261264460787369,1.9355599004572115,-3.47788427242401,4.530137164581484,0.7881844979493038,1018,430,358,24,0.009063558082790468,10.5114823673218,581,17.31300944440762
50,complementarity_no_interior,True,True,complementarity_no_interior,2.8888248152769034,10.965472295050764,-19.794982899719095,25.572632530272898,0.7945516510240523,1018,430,358,24,0.009063558082790468,10.5114823673218,581,17.31300944440762
